"feature","method","group1","group2","p_values","adj_method","p_adjust","description"
"1CMET2-PWY","ALDEx2_Wilcoxon rank test","GERD","Health",0.826259827812264,"BH",0.902879520230978,"N10-formyl-tetrahydrofolate biosynthesis"
"3-HYDROXYPHENYLACETATE-DEGRADATION-PWY","ALDEx2_Wilcoxon rank test","GERD","Health",0.55356191012094,"BH",0.902879520230978,"4-hydroxyphenylacetate degradation"
"ALL-CHORISMATE-PWY","ALDEx2_Wilcoxon rank test","GERD","Health",0.870320874147054,"BH",0.902879520230978,"superpathway of chorismate metabolism"
"ANAEROFRUCAT-PWY","ALDEx2_Wilcoxon rank test","GERD","Health",0.509911834436512,"BH",0.902879520230978,"homolactic fermentation"
"ANAGLYCOLYSIS-PWY","ALDEx2_Wilcoxon rank test","GERD","Health",0.630178139107914,"BH",0.902879520230978,"glycolysis III (from glucose)"
"ARG+POLYAMINE-SYN","ALDEx2_Wilcoxon rank test","GERD","Health",0.223340165910362,"BH",0.902879520230978,"superpathway of arginine and polyamine biosynthesis"
"ARGORNPROST-PWY","ALDEx2_Wilcoxon rank test","GERD","Health",0.34114148555039,"BH",0.902879520230978,"arginine, ornithine and proline interconversion"
"ARGSYN-PWY","ALDEx2_Wilcoxon rank test","GERD","Health",0.165659995554066,"BH",0.902879520230978,"L-arginine biosynthesis I (via L-ornithine)"
"ARGSYNBSUB-PWY","ALDEx2_Wilcoxon rank test","GERD","Health",0.196430900829131,"BH",0.902879520230978,"L-arginine biosynthesis II (acetyl cycle)"
"ARO-PWY","ALDEx2_Wilcoxon rank test","GERD","Health",0.587458828997846,"BH",0.902879520230978,"chorismate biosynthesis I"
"ASPASN-PWY","ALDEx2_Wilcoxon rank test","GERD","Health",0.800656039837384,"BH",0.902879520230978,"superpathway of L-aspartate and L-asparagine biosynthesis"
"BIOTIN-BIOSYNTHESIS-PWY","ALDEx2_Wilcoxon rank test","GERD","Health",0.840858278886277,"BH",0.902879520230978,"biotin biosynthesis I"
"BRANCHED-CHAIN-AA-SYN-PWY","ALDEx2_Wilcoxon rank test","GERD","Health",0.295278163732048,"BH",0.902879520230978,"superpathway of branched amino acid biosynthesis"
"CALVIN-PWY","ALDEx2_Wilcoxon rank test","GERD","Health",0.716513038980554,"BH",0.902879520230978,"Calvin-Benson-Bassham cycle"
"CATECHOL-ORTHO-CLEAVAGE-PWY","ALDEx2_Wilcoxon rank test","GERD","Health",0.525092404409176,"BH",0.902879520230978,"catechol degradation to &beta;-ketoadipate"
"CENTFERM-PWY","ALDEx2_Wilcoxon rank test","GERD","Health",0.768324066386148,"BH",0.902879520230978,"pyruvate fermentation to butanoate"
"CHLOROPHYLL-SYN","ALDEx2_Wilcoxon rank test","GERD","Health",0.555801870689968,"BH",0.902879520230978,"chlorophyllide a biosynthesis I (aerobic, light-dependent)"
"COA-PWY","ALDEx2_Wilcoxon rank test","GERD","Health",0.774139070217288,"BH",0.902879520230978,"coenzyme A biosynthesis I"
"COBALSYN-PWY","ALDEx2_Wilcoxon rank test","GERD","Health",0.421404175877797,"BH",0.902879520230978,"adenosylcobalamin salvage from cobinamide I"
"CODH-PWY","ALDEx2_Wilcoxon rank test","GERD","Health",0.634258244069499,"BH",0.902879520230978,"reductive acetyl coenzyme A pathway"
"COLANSYN-PWY","ALDEx2_Wilcoxon rank test","GERD","Health",0.863161450028216,"BH",0.902879520230978,"colanic acid building blocks biosynthesis"
"COMPLETE-ARO-PWY","ALDEx2_Wilcoxon rank test","GERD","Health",0.593146734600371,"BH",0.902879520230978,"superpathway of aromatic amino acid biosynthesis"
"DAPLYSINESYN-PWY","ALDEx2_Wilcoxon rank test","GERD","Health",0.380811751892272,"BH",0.902879520230978,"L-lysine biosynthesis I"
"DENITRIFICATION-PWY","ALDEx2_Wilcoxon rank test","GERD","Health",0.746088323630367,"BH",0.902879520230978,"nitrate reduction I (denitrification)"
"DENOVOPURINE2-PWY","ALDEx2_Wilcoxon rank test","GERD","Health",0.663278703456827,"BH",0.902879520230978,"superpathway of purine nucleotides de novo biosynthesis II"
"DTDPRHAMSYN-PWY","ALDEx2_Wilcoxon rank test","GERD","Health",0.68443528787263,"BH",0.902879520230978,"dTDP-L-rhamnose biosynthesis I"
"ECASYN-PWY","ALDEx2_Wilcoxon rank test","GERD","Health",0.550708650060315,"BH",0.902879520230978,"enterobacterial common antigen biosynthesis"
"ENTBACSYN-PWY","ALDEx2_Wilcoxon rank test","GERD","Health",0.494532648657289,"BH",0.902879520230978,"enterobactin biosynthesis"
"FAO-PWY","ALDEx2_Wilcoxon rank test","GERD","Health",0.628804982844,"BH",0.902879520230978,"fatty acid &beta;-oxidation I"
"FASYN-ELONG-PWY","ALDEx2_Wilcoxon rank test","GERD","Health",0.678055478886018,"BH",0.902879520230978,"fatty acid elongation -- saturated"
"FASYN-INITIAL-PWY","ALDEx2_Wilcoxon rank test","GERD","Health",0.715948887448616,"BH",0.902879520230978,"superpathway of fatty acid biosynthesis initiation (E. coli)"
"FERMENTATION-PWY","ALDEx2_Wilcoxon rank test","GERD","Health",0.727223374062924,"BH",0.902879520230978,"mixed acid fermentation"
"FOLSYN-PWY","ALDEx2_Wilcoxon rank test","GERD","Health",0.829907070588753,"BH",0.902879520230978,"superpathway of tetrahydrofolate biosynthesis and salvage"
"FUC-RHAMCAT-PWY","ALDEx2_Wilcoxon rank test","GERD","Health",0.721069522246498,"BH",0.902879520230978,"superpathway of fucose and rhamnose degradation"
"FUCCAT-PWY","ALDEx2_Wilcoxon rank test","GERD","Health",0.207779757343881,"BH",0.902879520230978,"fucose degradation"
"GALACT-GLUCUROCAT-PWY","ALDEx2_Wilcoxon rank test","GERD","Health",0.525708715584456,"BH",0.902879520230978,"superpathway of hexuronide and hexuronate degradation"
"GALACTUROCAT-PWY","ALDEx2_Wilcoxon rank test","GERD","Health",0.674403150303644,"BH",0.902879520230978,"D-galacturonate degradation I"
"GALLATE-DEGRADATION-I-PWY","ALDEx2_Wilcoxon rank test","GERD","Health",0.529517049058006,"BH",0.902879520230978,"gallate degradation II"
"GLCMANNANAUT-PWY","ALDEx2_Wilcoxon rank test","GERD","Health",0.639062304236516,"BH",0.902879520230978,"superpathway of N-acetylglucosamine, N-acetylmannosamine and N-acetylneuraminate degradation"
"GLUCONEO-PWY","ALDEx2_Wilcoxon rank test","GERD","Health",0.544171848466767,"BH",0.902879520230978,"gluconeogenesis I"
"GLUCOSE1PMETAB-PWY","ALDEx2_Wilcoxon rank test","GERD","Health",0.911229634126138,"BH",0.922969578846524,"glucose and glucose-1-phosphate degradation"
"GLUCUROCAT-PWY","ALDEx2_Wilcoxon rank test","GERD","Health",0.357237521614877,"BH",0.902879520230978,"superpathway of &beta;-D-glucuronide and D-glucuronate degradation"
"GLUTORN-PWY","ALDEx2_Wilcoxon rank test","GERD","Health",0.252509764714942,"BH",0.902879520230978,"L-ornithine biosynthesis"
"GLYCOCAT-PWY","ALDEx2_Wilcoxon rank test","GERD","Health",0.680713327351491,"BH",0.902879520230978,"glycogen degradation I (bacterial)"
"GLYCOGENSYNTH-PWY","ALDEx2_Wilcoxon rank test","GERD","Health",0.472141458370005,"BH",0.902879520230978,"glycogen biosynthesis I (from ADP-D-Glucose)"
"GLYCOL-GLYOXDEG-PWY","ALDEx2_Wilcoxon rank test","GERD","Health",0.897803778008739,"BH",0.914277241825413,"superpathway of glycol metabolism and degradation"
"GLYCOLYSIS","ALDEx2_Wilcoxon rank test","GERD","Health",0.583289831235698,"BH",0.902879520230978,"glycolysis I (from glucose 6-phosphate)"
"GLYCOLYSIS-E-D","ALDEx2_Wilcoxon rank test","GERD","Health",0.342051470264659,"BH",0.902879520230978,"superpathway of glycolysis and Entner-Doudoroff"
"GLYCOLYSIS-TCA-GLYOX-BYPASS","ALDEx2_Wilcoxon rank test","GERD","Health",0.926343431762997,"BH",0.926343431762997,"superpathway of glycolysis, pyruvate dehydrogenase, TCA, and glyoxylate bypass"
"GLYOXYLATE-BYPASS","ALDEx2_Wilcoxon rank test","GERD","Health",0.915510270464241,"BH",0.923092172225822,"glyoxylate cycle"
"GOLPDLCAT-PWY","ALDEx2_Wilcoxon rank test","GERD","Health",0.203630756578947,"BH",0.902879520230978,"superpathway of glycerol degradation to 1,3-propanediol"
"HEME-BIOSYNTHESIS-II","ALDEx2_Wilcoxon rank test","GERD","Health",0.814885457329385,"BH",0.902879520230978,"heme biosynthesis I (aerobic)"
"HEMESYN2-PWY","ALDEx2_Wilcoxon rank test","GERD","Health",0.635093617010261,"BH",0.902879520230978,"heme biosynthesis II (anaerobic)"
"HEXITOLDEGSUPER-PWY","ALDEx2_Wilcoxon rank test","GERD","Health",0.332475265850047,"BH",0.902879520230978,"superpathway of hexitol degradation (bacteria)"
"HISDEG-PWY","ALDEx2_Wilcoxon rank test","GERD","Health",0.773923358272415,"BH",0.902879520230978,"L-histidine degradation I"
"HISTSYN-PWY","ALDEx2_Wilcoxon rank test","GERD","Health",0.193515532780838,"BH",0.902879520230978,"L-histidine biosynthesis"
"HOMOSER-METSYN-PWY","ALDEx2_Wilcoxon rank test","GERD","Health",0.591492274299264,"BH",0.902879520230978,"L-methionine biosynthesis I"
"HSERMETANA-PWY","ALDEx2_Wilcoxon rank test","GERD","Health",0.585931475823695,"BH",0.902879520230978,"L-methionine biosynthesis III"
"ILEUSYN-PWY","ALDEx2_Wilcoxon rank test","GERD","Health",0.273089604829566,"BH",0.902879520230978,"L-isoleucine biosynthesis I (from threonine)"
"KDO-NAGLIPASYN-PWY","ALDEx2_Wilcoxon rank test","GERD","Health",0.878477371035547,"BH",0.902879520230978,"superpathway of (Kdo)2-lipid A biosynthesis"
"KETOGLUCONMET-PWY","ALDEx2_Wilcoxon rank test","GERD","Health",0.543914159006544,"BH",0.902879520230978,"ketogluconate metabolism"
"LACTOSECAT-PWY","ALDEx2_Wilcoxon rank test","GERD","Health",0.599372241514543,"BH",0.902879520230978,"lactose and galactose degradation I"
"LEU-DEG2-PWY","ALDEx2_Wilcoxon rank test","GERD","Health",0.581466268495605,"BH",0.902879520230978,"L-leucine degradation I"
"MET-SAM-PWY","ALDEx2_Wilcoxon rank test","GERD","Health",0.507932222313543,"BH",0.902879520230978,"superpathway of S-adenosyl-L-methionine biosynthesis"
"METH-ACETATE-PWY","ALDEx2_Wilcoxon rank test","GERD","Health",0.586399085218271,"BH",0.902879520230978,"methanogenesis from acetate"
"METHYLGALLATE-DEGRADATION-PWY","ALDEx2_Wilcoxon rank test","GERD","Health",0.495997228895079,"BH",0.902879520230978,"methylgallate degradation"
"NAD-BIOSYNTHESIS-II","ALDEx2_Wilcoxon rank test","GERD","Health",0.125731359433405,"BH",0.902879520230978,"NAD salvage pathway II"
"NADSYN-PWY","ALDEx2_Wilcoxon rank test","GERD","Health",0.540703006894757,"BH",0.902879520230978,"NAD biosynthesis II (from tryptophan)"
"NAGLIPASYN-PWY","ALDEx2_Wilcoxon rank test","GERD","Health",0.837256844765058,"BH",0.902879520230978,"lipid IVA biosynthesis"
"NONMEVIPP-PWY","ALDEx2_Wilcoxon rank test","GERD","Health",0.764509817943196,"BH",0.902879520230978,"methylerythritol phosphate pathway I"
"NONOXIPENT-PWY","ALDEx2_Wilcoxon rank test","GERD","Health",0.530227833102084,"BH",0.902879520230978,"pentose phosphate pathway (non-oxidative branch)"
"OANTIGEN-PWY","ALDEx2_Wilcoxon rank test","GERD","Health",0.447289874594883,"BH",0.902879520230978,"O-antigen building blocks biosynthesis (E. coli)"
"P105-PWY","ALDEx2_Wilcoxon rank test","GERD","Health",0.797658587027708,"BH",0.902879520230978,"TCA cycle IV (2-oxoglutarate decarboxylase)"
"P108-PWY","ALDEx2_Wilcoxon rank test","GERD","Health",0.838429827203941,"BH",0.902879520230978,"pyruvate fermentation to propanoate I"
"P122-PWY","ALDEx2_Wilcoxon rank test","GERD","Health",0.244291167119242,"BH",0.902879520230978,"heterolactic fermentation"
"P124-PWY","ALDEx2_Wilcoxon rank test","GERD","Health",0.25275658202134,"BH",0.902879520230978,"Bifidobacterium shunt"
"P125-PWY","ALDEx2_Wilcoxon rank test","GERD","Health",0.213366097291539,"BH",0.902879520230978,"superpathway of (R,R)-butanediol biosynthesis"
"P161-PWY","ALDEx2_Wilcoxon rank test","GERD","Health",0.704287153158878,"BH",0.902879520230978,"acetylene degradation"
"P162-PWY","ALDEx2_Wilcoxon rank test","GERD","Health",0.61862461267952,"BH",0.902879520230978,"L-glutamate degradation V (via hydroxyglutarate)"
"P163-PWY","ALDEx2_Wilcoxon rank test","GERD","Health",0.783827993951717,"BH",0.902879520230978,"L-lysine fermentation to acetate and butanoate"
"P164-PWY","ALDEx2_Wilcoxon rank test","GERD","Health",0.610708228602566,"BH",0.902879520230978,"purine nucleobases degradation I (anaerobic)"
"P184-PWY","ALDEx2_Wilcoxon rank test","GERD","Health",0.48269243631377,"BH",0.902879520230978,"protocatechuate degradation I (meta-cleavage pathway)"
"P221-PWY","ALDEx2_Wilcoxon rank test","GERD","Health",0.838833845823799,"BH",0.902879520230978,"octane oxidation"
"P23-PWY","ALDEx2_Wilcoxon rank test","GERD","Health",0.409181701356172,"BH",0.902879520230978,"reductive TCA cycle I"
"P281-PWY","ALDEx2_Wilcoxon rank test","GERD","Health",0.513659652725287,"BH",0.902879520230978,"3-phenylpropanoate degradation"
"P341-PWY","ALDEx2_Wilcoxon rank test","GERD","Health",0.465934564356679,"BH",0.902879520230978,"glycolysis V (Pyrococcus)"
"P381-PWY","ALDEx2_Wilcoxon rank test","GERD","Health",0.523516244648053,"BH",0.902879520230978,"adenosylcobalamin biosynthesis II (late cobalt incorporation)"
"P4-PWY","ALDEx2_Wilcoxon rank test","GERD","Health",0.463503792634375,"BH",0.902879520230978,"superpathway of L-lysine, L-threonine and L-methionine biosynthesis I"
"P42-PWY","ALDEx2_Wilcoxon rank test","GERD","Health",0.863709290093656,"BH",0.902879520230978,"incomplete reductive TCA cycle"
"P441-PWY","ALDEx2_Wilcoxon rank test","GERD","Health",0.609439410230956,"BH",0.902879520230978,"superpathway of N-acetylneuraminate degradation"
"P461-PWY","ALDEx2_Wilcoxon rank test","GERD","Health",0.467479431891134,"BH",0.902879520230978,"hexitol fermentation to lactate, formate, ethanol and acetate"
"P562-PWY","ALDEx2_Wilcoxon rank test","GERD","Health",0.104759800631879,"BH",0.902879520230978,"myo-inositol degradation I"
"PANTO-PWY","ALDEx2_Wilcoxon rank test","GERD","Health",0.858955411711639,"BH",0.902879520230978,"phosphopantothenate biosynthesis I"
"PANTOSYN-PWY","ALDEx2_Wilcoxon rank test","GERD","Health",0.862576087280098,"BH",0.902879520230978,"pantothenate and coenzyme A biosynthesis I"
"PENTOSE-P-PWY","ALDEx2_Wilcoxon rank test","GERD","Health",0.50829091764214,"BH",0.902879520230978,"pentose phosphate pathway"
"PEPTIDOGLYCANSYN-PWY","ALDEx2_Wilcoxon rank test","GERD","Health",0.701198684890036,"BH",0.902879520230978,"peptidoglycan biosynthesis I (meso-diaminopimelate containing)"
"PHOSLIPSYN-PWY","ALDEx2_Wilcoxon rank test","GERD","Health",0.610583733542924,"BH",0.902879520230978,"superpathway of phospholipid biosynthesis I (bacteria)"
"POLYAMINSYN3-PWY","ALDEx2_Wilcoxon rank test","GERD","Health",0.695881448546238,"BH",0.902879520230978,"superpathway of polyamine biosynthesis II"
"POLYAMSYN-PWY","ALDEx2_Wilcoxon rank test","GERD","Health",0.277022340334655,"BH",0.902879520230978,"superpathway of polyamine biosynthesis I"
"POLYISOPRENSYN-PWY","ALDEx2_Wilcoxon rank test","GERD","Health",0.834160342912909,"BH",0.902879520230978,"polyisoprenoid biosynthesis (E. coli)"
"PPGPPMET-PWY","ALDEx2_Wilcoxon rank test","GERD","Health",0.89449944005172,"BH",0.912307239011402,"ppGpp biosynthesis"
"PROTOCATECHUATE-ORTHO-CLEAVAGE-PWY","ALDEx2_Wilcoxon rank test","GERD","Health",0.45512683451417,"BH",0.902879520230978,"protocatechuate degradation II (ortho-cleavage pathway)"
"PRPP-PWY","ALDEx2_Wilcoxon rank test","GERD","Health",0.56344037820858,"BH",0.902879520230978,"superpathway of histidine, purine, and pyrimidine biosynthesis"
"PWY-1269","ALDEx2_Wilcoxon rank test","GERD","Health",0.849171719036365,"BH",0.902879520230978,"CMP-3-deoxy-D-manno-octulosonate biosynthesis I"
"PWY-1422","ALDEx2_Wilcoxon rank test","GERD","Health",0.480920236411102,"BH",0.902879520230978,"vitamin E biosynthesis (tocopherols)"
"PWY-181","ALDEx2_Wilcoxon rank test","GERD","Health",0.514817366421353,"BH",0.902879520230978,"photorespiration"
"PWY-1861","ALDEx2_Wilcoxon rank test","GERD","Health",0.626375321796339,"BH",0.902879520230978,"formaldehyde assimilation II (RuMP Cycle)"
"PWY-2941","ALDEx2_Wilcoxon rank test","GERD","Health",0.409315319641322,"BH",0.902879520230978,"L-lysine biosynthesis II"
"PWY-2942","ALDEx2_Wilcoxon rank test","GERD","Health",0.676624809413732,"BH",0.902879520230978,"L-lysine biosynthesis III"
"PWY-3001","ALDEx2_Wilcoxon rank test","GERD","Health",0.384297649964536,"BH",0.902879520230978,"superpathway of L-isoleucine biosynthesis I"
"PWY-3781","ALDEx2_Wilcoxon rank test","GERD","Health",0.60883390325854,"BH",0.902879520230978,"aerobic respiration I (cytochrome c)"
"PWY-3801","ALDEx2_Wilcoxon rank test","GERD","Health",0.492937530577933,"BH",0.902879520230978,"sucrose degradation II (sucrose synthase)"
"PWY-4984","ALDEx2_Wilcoxon rank test","GERD","Health",0.484698724851673,"BH",0.902879520230978,"urea cycle"
"PWY-5005","ALDEx2_Wilcoxon rank test","GERD","Health",0.89262874765731,"BH",0.911795622607007,"biotin biosynthesis II"
"PWY-5022","ALDEx2_Wilcoxon rank test","GERD","Health",0.650348730805471,"BH",0.902879520230978,"4-aminobutanoate degradation V"
"PWY-5028","ALDEx2_Wilcoxon rank test","GERD","Health",0.520843390345268,"BH",0.902879520230978,"L-histidine degradation II"
"PWY-5088","ALDEx2_Wilcoxon rank test","GERD","Health",0.6205690771677,"BH",0.902879520230978,"L-glutamate degradation VIII (to propanoate)"
"PWY-5097","ALDEx2_Wilcoxon rank test","GERD","Health",0.443706521091978,"BH",0.902879520230978,"L-lysine biosynthesis VI"
"PWY-5100","ALDEx2_Wilcoxon rank test","GERD","Health",0.726579439203951,"BH",0.902879520230978,"pyruvate fermentation to acetate and lactate II"
"PWY-5101","ALDEx2_Wilcoxon rank test","GERD","Health",0.254341475907825,"BH",0.902879520230978,"L-isoleucine biosynthesis II"
"PWY-5103","ALDEx2_Wilcoxon rank test","GERD","Health",0.272746363491049,"BH",0.902879520230978,"L-isoleucine biosynthesis III"
"PWY-5104","ALDEx2_Wilcoxon rank test","GERD","Health",0.340386557649596,"BH",0.902879520230978,"L-isoleucine biosynthesis IV"
"PWY-5121","ALDEx2_Wilcoxon rank test","GERD","Health",0.754427440345527,"BH",0.902879520230978,"superpathway of geranylgeranyl diphosphate biosynthesis II (via MEP)"
"PWY-5154","ALDEx2_Wilcoxon rank test","GERD","Health",0.570490773391957,"BH",0.902879520230978,"L-arginine biosynthesis III (via N-acetyl-L-citrulline)"
"PWY-5177","ALDEx2_Wilcoxon rank test","GERD","Health",0.693310911403595,"BH",0.902879520230978,"glutaryl-CoA degradation"
"PWY-5180","ALDEx2_Wilcoxon rank test","GERD","Health",0.506992894109105,"BH",0.902879520230978,"toluene degradation I (aerobic) (via o-cresol)"
"PWY-5182","ALDEx2_Wilcoxon rank test","GERD","Health",0.56224201042303,"BH",0.902879520230978,"toluene degradation II (aerobic) (via 4-methylcatechol)"
"PWY-5188","ALDEx2_Wilcoxon rank test","GERD","Health",0.516058274744504,"BH",0.902879520230978,"tetrapyrrole biosynthesis I (from glutamate)"
"PWY-5189","ALDEx2_Wilcoxon rank test","GERD","Health",0.595049500657506,"BH",0.902879520230978,"tetrapyrrole biosynthesis II (from glycine)"
"PWY-5265","ALDEx2_Wilcoxon rank test","GERD","Health",0.537333785476873,"BH",0.902879520230978,"peptidoglycan biosynthesis II (staphylococci)"
"PWY-5304","ALDEx2_Wilcoxon rank test","GERD","Health",0.125071069425174,"BH",0.902879520230978,"superpathway of sulfur oxidation (Acidianus ambivalens)"
"PWY-5345","ALDEx2_Wilcoxon rank test","GERD","Health",0.801257561162337,"BH",0.902879520230978,"superpathway of L-methionine biosynthesis (by sulfhydrylation)"
"PWY-5347","ALDEx2_Wilcoxon rank test","GERD","Health",0.689680584371797,"BH",0.902879520230978,"superpathway of L-methionine biosynthesis (transsulfuration)"
"PWY-5384","ALDEx2_Wilcoxon rank test","GERD","Health",0.129563349548806,"BH",0.902879520230978,"sucrose degradation IV (sucrose phosphorylase)"
"PWY-5415","ALDEx2_Wilcoxon rank test","GERD","Health",0.508196643772586,"BH",0.902879520230978,"catechol degradation I (meta-cleavage pathway)"
"PWY-5417","ALDEx2_Wilcoxon rank test","GERD","Health",0.478220818944987,"BH",0.902879520230978,"catechol degradation III (ortho-cleavage pathway)"
"PWY-5419","ALDEx2_Wilcoxon rank test","GERD","Health",0.527984715240171,"BH",0.902879520230978,"catechol degradation to 2-oxopent-4-enoate II"
"PWY-5420","ALDEx2_Wilcoxon rank test","GERD","Health",0.512047282382192,"BH",0.902879520230978,"catechol degradation II (meta-cleavage pathway)"
"PWY-5430","ALDEx2_Wilcoxon rank test","GERD","Health",0.526198586199354,"BH",0.902879520230978,"meta cleavage pathway of aromatic compounds"
"PWY-5431","ALDEx2_Wilcoxon rank test","GERD","Health",0.467708094965675,"BH",0.902879520230978,"aromatic compounds degradation via &beta;-ketoadipate"
"PWY-5484","ALDEx2_Wilcoxon rank test","GERD","Health",0.55199603845895,"BH",0.902879520230978,"glycolysis II (from fructose 6-phosphate)"
"PWY-5505","ALDEx2_Wilcoxon rank test","GERD","Health",0.533842428677377,"BH",0.902879520230978,"L-glutamate and L-glutamine biosynthesis"
"PWY-5507","ALDEx2_Wilcoxon rank test","GERD","Health",0.536039143313108,"BH",0.902879520230978,"adenosylcobalamin biosynthesis I (early cobalt insertion)"
"PWY-5509","ALDEx2_Wilcoxon rank test","GERD","Health",0.408015976727119,"BH",0.902879520230978,"adenosylcobalamin biosynthesis from cobyrinate a,c-diamide I"
"PWY-5529","ALDEx2_Wilcoxon rank test","GERD","Health",0.520486851650755,"BH",0.902879520230978,"superpathway of bacteriochlorophyll a biosynthesis"
"PWY-5531","ALDEx2_Wilcoxon rank test","GERD","Health",0.52770014632107,"BH",0.902879520230978,"chlorophyllide a biosynthesis II (anaerobic)"
"PWY-5647","ALDEx2_Wilcoxon rank test","GERD","Health",0.538100344317229,"BH",0.902879520230978,"2-nitrobenzoate degradation I"
"PWY-5651","ALDEx2_Wilcoxon rank test","GERD","Health",0.516429757796887,"BH",0.902879520230978,"L-tryptophan degradation to 2-amino-3-carboxymuconate semialdehyde"
"PWY-5654","ALDEx2_Wilcoxon rank test","GERD","Health",0.530364136259151,"BH",0.902879520230978,"2-amino-3-carboxymuconate semialdehyde degradation to 2-oxopentenoate"
"PWY-5655","ALDEx2_Wilcoxon rank test","GERD","Health",0.509651570120215,"BH",0.902879520230978,"L-tryptophan degradation IX"
"PWY-5659","ALDEx2_Wilcoxon rank test","GERD","Health",0.81496575756909,"BH",0.902879520230978,"GDP-mannose biosynthesis"
"PWY-5667","ALDEx2_Wilcoxon rank test","GERD","Health",0.698130694128778,"BH",0.902879520230978,"CDP-diacylglycerol biosynthesis I"
"PWY-5676","ALDEx2_Wilcoxon rank test","GERD","Health",0.864744464747041,"BH",0.902879520230978,"acetyl-CoA fermentation to butanoate II"
"PWY-5677","ALDEx2_Wilcoxon rank test","GERD","Health",0.682481523001077,"BH",0.902879520230978,"succinate fermentation to butanoate"
"PWY-5686","ALDEx2_Wilcoxon rank test","GERD","Health",0.691420601404838,"BH",0.902879520230978,"UMP biosynthesis"
"PWY-5695","ALDEx2_Wilcoxon rank test","GERD","Health",0.69918500587614,"BH",0.902879520230978,"urate biosynthesis/inosine 5'-phosphate degradation"
"PWY-5705","ALDEx2_Wilcoxon rank test","GERD","Health",0.562474832258198,"BH",0.902879520230978,"allantoin degradation to glyoxylate III"
"PWY-5744","ALDEx2_Wilcoxon rank test","GERD","Health",0.527295707861344,"BH",0.902879520230978,"glyoxylate assimilation"
"PWY-5747","ALDEx2_Wilcoxon rank test","GERD","Health",0.739174996052373,"BH",0.902879520230978,"2-methylcitrate cycle II"
"PWY-5837","ALDEx2_Wilcoxon rank test","GERD","Health",0.852838818054506,"BH",0.902879520230978,"1,4-dihydroxy-2-naphthoate biosynthesis I"
"PWY-5838","ALDEx2_Wilcoxon rank test","GERD","Health",0.872368510844973,"BH",0.902879520230978,"superpathway of menaquinol-8 biosynthesis I"
"PWY-5840","ALDEx2_Wilcoxon rank test","GERD","Health",0.876463971105957,"BH",0.902879520230978,"superpathway of menaquinol-7 biosynthesis"
"PWY-5845","ALDEx2_Wilcoxon rank test","GERD","Health",0.82659289915689,"BH",0.902879520230978,"superpathway of menaquinol-9 biosynthesis"
"PWY-5850","ALDEx2_Wilcoxon rank test","GERD","Health",0.839998628037732,"BH",0.902879520230978,"superpathway of menaquinol-6 biosynthesis I"
"PWY-5855","ALDEx2_Wilcoxon rank test","GERD","Health",0.870960279750872,"BH",0.902879520230978,"ubiquinol-7 biosynthesis (prokaryotic)"
"PWY-5856","ALDEx2_Wilcoxon rank test","GERD","Health",0.869594801136658,"BH",0.902879520230978,"ubiquinol-9 biosynthesis (prokaryotic)"
"PWY-5857","ALDEx2_Wilcoxon rank test","GERD","Health",0.862394157479265,"BH",0.902879520230978,"ubiquinol-10 biosynthesis (prokaryotic)"
"PWY-5860","ALDEx2_Wilcoxon rank test","GERD","Health",0.833846072952152,"BH",0.902879520230978,"superpathway of demethylmenaquinol-6 biosynthesis I"
"PWY-5861","ALDEx2_Wilcoxon rank test","GERD","Health",0.856499633226596,"BH",0.902879520230978,"superpathway of demethylmenaquinol-8 biosynthesis"
"PWY-5862","ALDEx2_Wilcoxon rank test","GERD","Health",0.842947826766466,"BH",0.902879520230978,"superpathway of demethylmenaquinol-9 biosynthesis"
"PWY-5863","ALDEx2_Wilcoxon rank test","GERD","Health",0.835631312967891,"BH",0.902879520230978,"superpathway of phylloquinol biosynthesis"
"PWY-5896","ALDEx2_Wilcoxon rank test","GERD","Health",0.837307333947265,"BH",0.902879520230978,"superpathway of menaquinol-10 biosynthesis"
"PWY-5897","ALDEx2_Wilcoxon rank test","GERD","Health",0.87401524010634,"BH",0.902879520230978,"superpathway of menaquinol-11 biosynthesis"
"PWY-5898","ALDEx2_Wilcoxon rank test","GERD","Health",0.87223088992462,"BH",0.902879520230978,"superpathway of menaquinol-12 biosynthesis"
"PWY-5899","ALDEx2_Wilcoxon rank test","GERD","Health",0.87240162399562,"BH",0.902879520230978,"superpathway of menaquinol-13 biosynthesis"
"PWY-5910","ALDEx2_Wilcoxon rank test","GERD","Health",0.860654630663874,"BH",0.902879520230978,"superpathway of geranylgeranyldiphosphate biosynthesis I (via mevalonate)"
"PWY-5913","ALDEx2_Wilcoxon rank test","GERD","Health",0.766122794991302,"BH",0.902879520230978,"TCA cycle VI (obligate autotrophs)"
"PWY-5918","ALDEx2_Wilcoxon rank test","GERD","Health",0.714881816290369,"BH",0.902879520230978,"superpathay of heme biosynthesis from glutamate"
"PWY-5920","ALDEx2_Wilcoxon rank test","GERD","Health",0.703983671222185,"BH",0.902879520230978,"superpathway of heme biosynthesis from glycine"
"PWY-5971","ALDEx2_Wilcoxon rank test","GERD","Health",0.79964361904879,"BH",0.902879520230978,"palmitate biosynthesis II (bacteria and plants)"
"PWY-5973","ALDEx2_Wilcoxon rank test","GERD","Health",0.820726032563395,"BH",0.902879520230978,"cis-vaccenate biosynthesis"
"PWY-5989","ALDEx2_Wilcoxon rank test","GERD","Health",0.736411921478458,"BH",0.902879520230978,"stearate biosynthesis II (bacteria and plants)"
"PWY-6121","ALDEx2_Wilcoxon rank test","GERD","Health",0.693873552644522,"BH",0.902879520230978,"5-aminoimidazole ribonucleotide biosynthesis I"
"PWY-6122","ALDEx2_Wilcoxon rank test","GERD","Health",0.703482645324456,"BH",0.902879520230978,"5-aminoimidazole ribonucleotide biosynthesis II"
"PWY-6123","ALDEx2_Wilcoxon rank test","GERD","Health",0.769687605162202,"BH",0.902879520230978,"inosine-5'-phosphate biosynthesis I"
"PWY-6125","ALDEx2_Wilcoxon rank test","GERD","Health",0.604460477455812,"BH",0.902879520230978,"superpathway of guanosine nucleotides de novo biosynthesis II"
"PWY-6126","ALDEx2_Wilcoxon rank test","GERD","Health",0.763482494052673,"BH",0.902879520230978,"superpathway of adenosine nucleotides de novo biosynthesis II"
"PWY-6143","ALDEx2_Wilcoxon rank test","GERD","Health",0.449367394345962,"BH",0.902879520230978,"CMP-pseudaminate biosynthesis"
"PWY-6147","ALDEx2_Wilcoxon rank test","GERD","Health",0.841816793530033,"BH",0.902879520230978,"6-hydroxymethyl-dihydropterin diphosphate biosynthesis I"
"PWY-6151","ALDEx2_Wilcoxon rank test","GERD","Health",0.722560626009557,"BH",0.902879520230978,"S-adenosyl-L-methionine cycle I"
"PWY-6163","ALDEx2_Wilcoxon rank test","GERD","Health",0.660526666060501,"BH",0.902879520230978,"chorismate biosynthesis from 3-dehydroquinate"
"PWY-6182","ALDEx2_Wilcoxon rank test","GERD","Health",0.508355794631486,"BH",0.902879520230978,"superpathway of salicylate degradation"
"PWY-621","ALDEx2_Wilcoxon rank test","GERD","Health",0.499391435234321,"BH",0.902879520230978,"sucrose degradation III (sucrose invertase)"
"PWY-6210","ALDEx2_Wilcoxon rank test","GERD","Health",0.489797604016743,"BH",0.902879520230978,"2-aminophenol degradation"
"PWY-6263","ALDEx2_Wilcoxon rank test","GERD","Health",0.837110497808743,"BH",0.902879520230978,"superpathway of menaquinol-8 biosynthesis II"
"PWY-6269","ALDEx2_Wilcoxon rank test","GERD","Health",0.398801209947762,"BH",0.902879520230978,"adenosylcobalamin salvage from cobinamide II"
"PWY-6277","ALDEx2_Wilcoxon rank test","GERD","Health",0.70799768254864,"BH",0.902879520230978,"superpathway of 5-aminoimidazole ribonucleotide biosynthesis"
"PWY-6282","ALDEx2_Wilcoxon rank test","GERD","Health",0.730804761841587,"BH",0.902879520230978,"palmitoleate biosynthesis I (from (5Z)-dodec-5-enoate)"
"PWY-6317","ALDEx2_Wilcoxon rank test","GERD","Health",0.746512217097497,"BH",0.902879520230978,"galactose degradation I (Leloir pathway)"
"PWY-6353","ALDEx2_Wilcoxon rank test","GERD","Health",0.770794621778477,"BH",0.902879520230978,"purine nucleotides degradation II (aerobic)"
"PWY-6383","ALDEx2_Wilcoxon rank test","GERD","Health",0.169552555862162,"BH",0.902879520230978,"mono-trans, poly-cis decaprenyl phosphate biosynthesis"
"PWY-6385","ALDEx2_Wilcoxon rank test","GERD","Health",0.706159278186059,"BH",0.902879520230978,"peptidoglycan biosynthesis III (mycobacteria)"
"PWY-6386","ALDEx2_Wilcoxon rank test","GERD","Health",0.714126803450873,"BH",0.902879520230978,"UDP-N-acetylmuramoyl-pentapeptide biosynthesis II (lysine-containing)"
"PWY-6387","ALDEx2_Wilcoxon rank test","GERD","Health",0.705276248162088,"BH",0.902879520230978,"UDP-N-acetylmuramoyl-pentapeptide biosynthesis I (meso-diaminopimelate containing)"
"PWY-6396","ALDEx2_Wilcoxon rank test","GERD","Health",0.838162465247937,"BH",0.902879520230978,"superpathway of 2,3-butanediol biosynthesis"
"PWY-6397","ALDEx2_Wilcoxon rank test","GERD","Health",0.321686101180923,"BH",0.902879520230978,"mycolyl-arabinogalactan-peptidoglycan complex biosynthesis"
"PWY-6467","ALDEx2_Wilcoxon rank test","GERD","Health",0.853670999726902,"BH",0.902879520230978,"Kdo transfer to lipid IVA III (Chlamydia)"
"PWY-6470","ALDEx2_Wilcoxon rank test","GERD","Health",0.471902624492633,"BH",0.902879520230978,"peptidoglycan biosynthesis V (&beta;-lactam resistance)"
"PWY-6471","ALDEx2_Wilcoxon rank test","GERD","Health",0.414537245863404,"BH",0.902879520230978,"peptidoglycan biosynthesis IV (Enterococcus faecium)"
"PWY-6478","ALDEx2_Wilcoxon rank test","GERD","Health",0.525154407234642,"BH",0.902879520230978,"GDP-D-glycero-&alpha;-D-manno-heptose biosynthesis"
"PWY-6505","ALDEx2_Wilcoxon rank test","GERD","Health",0.49876928513,"BH",0.902879520230978,"L-tryptophan degradation XII (Geobacillus)"
"PWY-6507","ALDEx2_Wilcoxon rank test","GERD","Health",0.810642881619071,"BH",0.902879520230978,"4-deoxy-L-threo-hex-4-enopyranuronate degradation"
"PWY-6519","ALDEx2_Wilcoxon rank test","GERD","Health",0.75466242690418,"BH",0.902879520230978,"8-amino-7-oxononanoate biosynthesis I"
"PWY-6545","ALDEx2_Wilcoxon rank test","GERD","Health",0.801191489368587,"BH",0.902879520230978,"pyrimidine deoxyribonucleotides de novo biosynthesis III"
"PWY-6562","ALDEx2_Wilcoxon rank test","GERD","Health",0.545440886870062,"BH",0.902879520230978,"norspermidine biosynthesis"
"PWY-6572","ALDEx2_Wilcoxon rank test","GERD","Health",0.723307858463972,"BH",0.902879520230978,"chondroitin sulfate degradation I (bacterial)"
"PWY-6588","ALDEx2_Wilcoxon rank test","GERD","Health",0.745514487468548,"BH",0.902879520230978,"pyruvate fermentation to acetone"
"PWY-6590","ALDEx2_Wilcoxon rank test","GERD","Health",0.781626407070265,"BH",0.902879520230978,"superpathway of Clostridium acetobutylicum acidogenic fermentation"
"PWY-6608","ALDEx2_Wilcoxon rank test","GERD","Health",0.58132908682968,"BH",0.902879520230978,"guanosine nucleotides degradation III"
"PWY-6609","ALDEx2_Wilcoxon rank test","GERD","Health",0.613040806331994,"BH",0.902879520230978,"adenine and adenosine salvage III"
"PWY-6612","ALDEx2_Wilcoxon rank test","GERD","Health",0.848696800059797,"BH",0.902879520230978,"superpathway of tetrahydrofolate biosynthesis"
"PWY-6628","ALDEx2_Wilcoxon rank test","GERD","Health",0.619089255691055,"BH",0.902879520230978,"superpathway of L-phenylalanine biosynthesis"
"PWY-6630","ALDEx2_Wilcoxon rank test","GERD","Health",0.57863762124393,"BH",0.902879520230978,"superpathway of L-tyrosine biosynthesis"
"PWY-6700","ALDEx2_Wilcoxon rank test","GERD","Health",0.760426479648363,"BH",0.902879520230978,"queuosine biosynthesis"
"PWY-6703","ALDEx2_Wilcoxon rank test","GERD","Health",0.812200427670408,"BH",0.902879520230978,"preQ0 biosynthesis"
"PWY-6708","ALDEx2_Wilcoxon rank test","GERD","Health",0.857923517310022,"BH",0.902879520230978,"ubiquinol-8 biosynthesis (prokaryotic)"
"PWY-6728","ALDEx2_Wilcoxon rank test","GERD","Health",0.505313346960198,"BH",0.902879520230978,"methylaspartate cycle"
"PWY-6737","ALDEx2_Wilcoxon rank test","GERD","Health",0.706904480201031,"BH",0.902879520230978,"starch degradation V"
"PWY-6749","ALDEx2_Wilcoxon rank test","GERD","Health",0.829502509170144,"BH",0.902879520230978,"CMP-legionaminate biosynthesis I"
"PWY-6876","ALDEx2_Wilcoxon rank test","GERD","Health",0.545167660098937,"BH",0.902879520230978,"isopropanol biosynthesis"
"PWY-6891","ALDEx2_Wilcoxon rank test","GERD","Health",0.502483782370544,"BH",0.902879520230978,"thiazole biosynthesis II (Bacillus)"
"PWY-6892","ALDEx2_Wilcoxon rank test","GERD","Health",0.536968591933121,"BH",0.902879520230978,"thiazole biosynthesis I (E. coli)"
"PWY-6895","ALDEx2_Wilcoxon rank test","GERD","Health",0.586489587809468,"BH",0.902879520230978,"superpathway of thiamin diphosphate biosynthesis II"
"PWY-6897","ALDEx2_Wilcoxon rank test","GERD","Health",0.801408896042795,"BH",0.902879520230978,"thiamin salvage II"
"PWY-6901","ALDEx2_Wilcoxon rank test","GERD","Health",0.066958960693281,"BH",0.902879520230978,"superpathway of glucose and xylose degradation"
"PWY-6969","ALDEx2_Wilcoxon rank test","GERD","Health",0.646549845751318,"BH",0.902879520230978,"TCA cycle V (2-oxoglutarate:ferredoxin oxidoreductase)"
"PWY-7003","ALDEx2_Wilcoxon rank test","GERD","Health",0.399802496485965,"BH",0.902879520230978,"glycerol degradation to butanol"
"PWY-7007","ALDEx2_Wilcoxon rank test","GERD","Health",0.669405062637843,"BH",0.902879520230978,"methyl ketone biosynthesis"
"PWY-7013","ALDEx2_Wilcoxon rank test","GERD","Health",0.36523098877709,"BH",0.902879520230978,"L-1,2-propanediol degradation"
"PWY-7031","ALDEx2_Wilcoxon rank test","GERD","Health",0.52590999118579,"BH",0.902879520230978,"protein N-glycosylation (bacterial)"
"PWY-7090","ALDEx2_Wilcoxon rank test","GERD","Health",0.57563030421969,"BH",0.902879520230978,"UDP-2,3-diacetamido-2,3-dideoxy-&alpha;-D-mannuronate biosynthesis"
"PWY-7094","ALDEx2_Wilcoxon rank test","GERD","Health",0.738458935292564,"BH",0.902879520230978,"fatty acid salvage"
"PWY-7111","ALDEx2_Wilcoxon rank test","GERD","Health",0.21925587225737,"BH",0.902879520230978,"pyruvate fermentation to isobutanol (engineered)"
"PWY-7159","ALDEx2_Wilcoxon rank test","GERD","Health",0.537227967224339,"BH",0.902879520230978,"chlorophyllide a biosynthesis III (aerobic, light independent)"
"PWY-7184","ALDEx2_Wilcoxon rank test","GERD","Health",0.576084557205649,"BH",0.902879520230978,"pyrimidine deoxyribonucleotides de novo biosynthesis I"
"PWY-7187","ALDEx2_Wilcoxon rank test","GERD","Health",0.61201195597166,"BH",0.902879520230978,"pyrimidine deoxyribonucleotides de novo biosynthesis II"
"PWY-7196","ALDEx2_Wilcoxon rank test","GERD","Health",0.655369343406039,"BH",0.902879520230978,"superpathway of pyrimidine ribonucleosides salvage"
"PWY-7197","ALDEx2_Wilcoxon rank test","GERD","Health",0.481969311889736,"BH",0.902879520230978,"pyrimidine deoxyribonucleotide phosphorylation"
"PWY-7198","ALDEx2_Wilcoxon rank test","GERD","Health",0.437860089941187,"BH",0.902879520230978,"pyrimidine deoxyribonucleotides de novo biosynthesis IV"
"PWY-7199","ALDEx2_Wilcoxon rank test","GERD","Health",0.846859812151185,"BH",0.902879520230978,"pyrimidine deoxyribonucleosides salvage"
"PWY-7200","ALDEx2_Wilcoxon rank test","GERD","Health",0.697740197750241,"BH",0.902879520230978,"superpathway of pyrimidine deoxyribonucleoside salvage"
"PWY-7208","ALDEx2_Wilcoxon rank test","GERD","Health",0.727272072251934,"BH",0.902879520230978,"superpathway of pyrimidine nucleobases salvage"
"PWY-7210","ALDEx2_Wilcoxon rank test","GERD","Health",0.440237667385868,"BH",0.902879520230978,"pyrimidine deoxyribonucleotides biosynthesis from CTP"
"PWY-7211","ALDEx2_Wilcoxon rank test","GERD","Health",0.531402357380639,"BH",0.902879520230978,"superpathway of pyrimidine deoxyribonucleotides de novo biosynthesis"
"PWY-7219","ALDEx2_Wilcoxon rank test","GERD","Health",0.699062334167297,"BH",0.902879520230978,"adenosine ribonucleotides de novo biosynthesis"
"PWY-7220","ALDEx2_Wilcoxon rank test","GERD","Health",0.808039322736003,"BH",0.902879520230978,"adenosine deoxyribonucleotides de novo biosynthesis II"
"PWY-7221","ALDEx2_Wilcoxon rank test","GERD","Health",0.649272319625791,"BH",0.902879520230978,"guanosine ribonucleotides de novo biosynthesis"
"PWY-7222","ALDEx2_Wilcoxon rank test","GERD","Health",0.816150320793253,"BH",0.902879520230978,"guanosine deoxyribonucleotides de novo biosynthesis II"
"PWY-7228","ALDEx2_Wilcoxon rank test","GERD","Health",0.580126217292937,"BH",0.902879520230978,"superpathway of guanosine nucleotides de novo biosynthesis I"
"PWY-7229","ALDEx2_Wilcoxon rank test","GERD","Health",0.755774542269381,"BH",0.902879520230978,"superpathway of adenosine nucleotides de novo biosynthesis I"
"PWY-7234","ALDEx2_Wilcoxon rank test","GERD","Health",0.538097733867795,"BH",0.902879520230978,"inosine-5'-phosphate biosynthesis III"
"PWY-7237","ALDEx2_Wilcoxon rank test","GERD","Health",0.235805146897036,"BH",0.902879520230978,"myo-, chiro- and scillo-inositol degradation"
"PWY-7242","ALDEx2_Wilcoxon rank test","GERD","Health",0.300260550681063,"BH",0.902879520230978,"D-fructuronate degradation"
"PWY-7254","ALDEx2_Wilcoxon rank test","GERD","Health",0.709020782154395,"BH",0.902879520230978,"TCA cycle VII (acetate-producers)"
"PWY-7255","ALDEx2_Wilcoxon rank test","GERD","Health",0.523952203455533,"BH",0.902879520230978,"ergothioneine biosynthesis I (bacteria)"
"PWY-7295","ALDEx2_Wilcoxon rank test","GERD","Health",0.515292600884527,"BH",0.902879520230978,"L-arabinose degradation IV"
"PWY-7315","ALDEx2_Wilcoxon rank test","GERD","Health",0.645123758115286,"BH",0.902879520230978,"dTDP-N-acetylthomosamine biosynthesis"
"PWY-7323","ALDEx2_Wilcoxon rank test","GERD","Health",0.852478179651987,"BH",0.902879520230978,"superpathway of GDP-mannose-derived O-antigen building blocks biosynthesis"
"PWY-7328","ALDEx2_Wilcoxon rank test","GERD","Health",0.370585903928989,"BH",0.902879520230978,"superpathway of UDP-glucose-derived O-antigen building blocks biosynthesis"
"PWY-7332","ALDEx2_Wilcoxon rank test","GERD","Health",0.876893531197904,"BH",0.902879520230978,"superpathway of UDP-N-acetylglucosamine-derived O-antigen building blocks biosynthesis"
"PWY-7347","ALDEx2_Wilcoxon rank test","GERD","Health",0.500956629004577,"BH",0.902879520230978,"sucrose biosynthesis III"
"PWY-7371","ALDEx2_Wilcoxon rank test","GERD","Health",0.79665460591031,"BH",0.902879520230978,"1,4-dihydroxy-6-naphthoate biosynthesis II"
"PWY-7373","ALDEx2_Wilcoxon rank test","GERD","Health",0.54465083560268,"BH",0.902879520230978,"superpathway of demethylmenaquinol-6 biosynthesis II"
"PWY-7374","ALDEx2_Wilcoxon rank test","GERD","Health",0.437653665436646,"BH",0.902879520230978,"1,4-dihydroxy-6-naphthoate biosynthesis I"
"PWY-7376","ALDEx2_Wilcoxon rank test","GERD","Health",0.525941005946033,"BH",0.902879520230978,"cob(II)yrinate a,c-diamide biosynthesis II (late cobalt incorporation)"
"PWY-7377","ALDEx2_Wilcoxon rank test","GERD","Health",0.380031011524483,"BH",0.902879520230978,"cob(II)yrinate a,c-diamide biosynthesis I (early cobalt insertion)"
"PWY-7391","ALDEx2_Wilcoxon rank test","GERD","Health",0.332804865224122,"BH",0.902879520230978,"isoprene biosynthesis II (engineered)"
"PWY-7392","ALDEx2_Wilcoxon rank test","GERD","Health",0.706131518600443,"BH",0.902879520230978,"taxadiene biosynthesis (engineered)"
"PWY-7400","ALDEx2_Wilcoxon rank test","GERD","Health",0.165348907963335,"BH",0.902879520230978,"L-arginine biosynthesis IV (archaebacteria)"
"PWY-7431","ALDEx2_Wilcoxon rank test","GERD","Health",0.562875399939944,"BH",0.902879520230978,"aromatic biogenic amine degradation (bacteria)"
"PWY-7456","ALDEx2_Wilcoxon rank test","GERD","Health",0.326999772526067,"BH",0.902879520230978,"mannan degradation"
"PWY-7539","ALDEx2_Wilcoxon rank test","GERD","Health",0.842457997407509,"BH",0.902879520230978,"6-hydroxymethyl-dihydropterin diphosphate biosynthesis III (Chlamydia)"
"PWY-7560","ALDEx2_Wilcoxon rank test","GERD","Health",0.766256458577094,"BH",0.902879520230978,"methylerythritol phosphate pathway II"
"PWY-7663","ALDEx2_Wilcoxon rank test","GERD","Health",0.824546783266202,"BH",0.902879520230978,"gondoate biosynthesis (anaerobic)"
"PWY-7664","ALDEx2_Wilcoxon rank test","GERD","Health",0.749688722308365,"BH",0.902879520230978,"oleate biosynthesis IV (anaerobic)"
"PWY-841","ALDEx2_Wilcoxon rank test","GERD","Health",0.656061669056815,"BH",0.902879520230978,"superpathway of purine nucleotides de novo biosynthesis I"
"PWY-922","ALDEx2_Wilcoxon rank test","GERD","Health",0.854681127979488,"BH",0.902879520230978,"mevalonate pathway I"
"PWY0-1061","ALDEx2_Wilcoxon rank test","GERD","Health",0.888202546607888,"BH",0.909792363357259,"superpathway of L-alanine biosynthesis"
"PWY0-1241","ALDEx2_Wilcoxon rank test","GERD","Health",0.595721312398397,"BH",0.902879520230978,"ADP-L-glycero-&beta;-D-manno-heptose biosynthesis"
"PWY0-1261","ALDEx2_Wilcoxon rank test","GERD","Health",0.761699866913188,"BH",0.902879520230978,"anhydromuropeptides recycling"
"PWY0-1296","ALDEx2_Wilcoxon rank test","GERD","Health",0.453139572245462,"BH",0.902879520230978,"purine ribonucleosides degradation"
"PWY0-1297","ALDEx2_Wilcoxon rank test","GERD","Health",0.633629048906572,"BH",0.902879520230978,"superpathway of purine deoxyribonucleosides degradation"
"PWY0-1298","ALDEx2_Wilcoxon rank test","GERD","Health",0.461224790193317,"BH",0.902879520230978,"superpathway of pyrimidine deoxyribonucleosides degradation"
"PWY0-1319","ALDEx2_Wilcoxon rank test","GERD","Health",0.706424613747321,"BH",0.902879520230978,"CDP-diacylglycerol biosynthesis II"
"PWY0-1415","ALDEx2_Wilcoxon rank test","GERD","Health",0.112021779739224,"BH",0.902879520230978,"superpathway of heme biosynthesis from uroporphyrinogen-III"
"PWY0-1479","ALDEx2_Wilcoxon rank test","GERD","Health",0.354146757574267,"BH",0.902879520230978,"tRNA processing"
"PWY0-1533","ALDEx2_Wilcoxon rank test","GERD","Health",0.516359126008263,"BH",0.902879520230978,"methylphosphonate degradation I"
"PWY0-1586","ALDEx2_Wilcoxon rank test","GERD","Health",0.174764515943237,"BH",0.902879520230978,"peptidoglycan maturation (meso-diaminopimelate containing)"
"PWY0-162","ALDEx2_Wilcoxon rank test","GERD","Health",0.626534599658821,"BH",0.902879520230978,"superpathway of pyrimidine ribonucleotides de novo biosynthesis"
"PWY0-166","ALDEx2_Wilcoxon rank test","GERD","Health",0.614540010011442,"BH",0.902879520230978,"superpathway of pyrimidine deoxyribonucleotides de novo biosynthesis (E. coli)"
"PWY0-41","ALDEx2_Wilcoxon rank test","GERD","Health",0.48580196614489,"BH",0.902879520230978,"allantoin degradation IV (anaerobic)"
"PWY0-42","ALDEx2_Wilcoxon rank test","GERD","Health",0.850095517210361,"BH",0.902879520230978,"2-methylcitrate cycle I"
"PWY0-781","ALDEx2_Wilcoxon rank test","GERD","Health",0.425045029646034,"BH",0.902879520230978,"aspartate superpathway"
"PWY0-845","ALDEx2_Wilcoxon rank test","GERD","Health",0.517277414491804,"BH",0.902879520230978,"superpathway of pyridoxal 5'-phosphate biosynthesis and salvage"
"PWY0-862","ALDEx2_Wilcoxon rank test","GERD","Health",0.739775311247761,"BH",0.902879520230978,"(5Z)-dodec-5-enoate biosynthesis"
"PWY1G-0","ALDEx2_Wilcoxon rank test","GERD","Health",0.656590664864564,"BH",0.902879520230978,"mycothiol biosynthesis"
"PWY490-3","ALDEx2_Wilcoxon rank test","GERD","Health",0.774255838281889,"BH",0.902879520230978,"nitrate reduction VI (assimilatory)"
"PWY4FS-7","ALDEx2_Wilcoxon rank test","GERD","Health",0.465693903892749,"BH",0.902879520230978,"phosphatidylglycerol biosynthesis I (plastidic)"
"PWY4FS-8","ALDEx2_Wilcoxon rank test","GERD","Health",0.466142750732576,"BH",0.902879520230978,"phosphatidylglycerol biosynthesis II (non-plastidic)"
"PWYG-321","ALDEx2_Wilcoxon rank test","GERD","Health",0.569708263872351,"BH",0.902879520230978,"mycolate biosynthesis"
"PYRIDNUCSAL-PWY","ALDEx2_Wilcoxon rank test","GERD","Health",0.747895690582385,"BH",0.902879520230978,"NAD salvage pathway I"
"PYRIDNUCSYN-PWY","ALDEx2_Wilcoxon rank test","GERD","Health",0.869705906621142,"BH",0.902879520230978,"NAD biosynthesis I (from aspartate)"
"PYRIDOXSYN-PWY","ALDEx2_Wilcoxon rank test","GERD","Health",0.539320112610922,"BH",0.902879520230978,"pyridoxal 5'-phosphate biosynthesis I"
"REDCITCYC","ALDEx2_Wilcoxon rank test","GERD","Health",0.804168336049215,"BH",0.902879520230978,"TCA cycle VIII (helicobacter)"
"RHAMCAT-PWY","ALDEx2_Wilcoxon rank test","GERD","Health",0.51391494125154,"BH",0.902879520230978,"L-rhamnose degradation I"
"RIBOSYN2-PWY","ALDEx2_Wilcoxon rank test","GERD","Health",0.809093130513735,"BH",0.902879520230978,"flavin biosynthesis I (bacteria and plants)"
"RUMP-PWY","ALDEx2_Wilcoxon rank test","GERD","Health",0.600589542541185,"BH",0.902879520230978,"formaldehyde oxidation I"
"SALVADEHYPOX-PWY","ALDEx2_Wilcoxon rank test","GERD","Health",0.806240884054951,"BH",0.902879520230978,"adenosine nucleotides degradation II"
"SER-GLYSYN-PWY","ALDEx2_Wilcoxon rank test","GERD","Health",0.803046447070731,"BH",0.902879520230978,"superpathway of L-serine and glycine biosynthesis I"
"SO4ASSIM-PWY","ALDEx2_Wilcoxon rank test","GERD","Health",0.876206398133096,"BH",0.902879520230978,"sulfate reduction I (assimilatory)"
"SUCSYN-PWY","ALDEx2_Wilcoxon rank test","GERD","Health",0.506476740224122,"BH",0.902879520230978,"sucrose biosynthesis I (from photosynthesis)"
"SULFATE-CYS-PWY","ALDEx2_Wilcoxon rank test","GERD","Health",0.832019369097974,"BH",0.902879520230978,"superpathway of sulfate assimilation and cysteine biosynthesis"
"TCA","ALDEx2_Wilcoxon rank test","GERD","Health",0.614764324224453,"BH",0.902879520230978,"TCA cycle I (prokaryotic)"
"TCA-GLYOX-BYPASS","ALDEx2_Wilcoxon rank test","GERD","Health",0.918934099377957,"BH",0.923092172225822,"superpathway of glyoxylate bypass and TCA"
"TEICHOICACID-PWY","ALDEx2_Wilcoxon rank test","GERD","Health",0.264046933567257,"BH",0.902879520230978,"teichoic acid (poly-glycerol) biosynthesis"
"THISYN-PWY","ALDEx2_Wilcoxon rank test","GERD","Health",0.669487474210992,"BH",0.902879520230978,"superpathway of thiamin diphosphate biosynthesis I"
"THRESYN-PWY","ALDEx2_Wilcoxon rank test","GERD","Health",0.579037304754238,"BH",0.902879520230978,"superpathway of L-threonine biosynthesis"
"TRNA-CHARGING-PWY","ALDEx2_Wilcoxon rank test","GERD","Health",0.730403932872216,"BH",0.902879520230978,"tRNA charging"
"TRPSYN-PWY","ALDEx2_Wilcoxon rank test","GERD","Health",0.223364959921876,"BH",0.902879520230978,"L-tryptophan biosynthesis"
"TYRFUMCAT-PWY","ALDEx2_Wilcoxon rank test","GERD","Health",0.548354278677894,"BH",0.902879520230978,"L-tyrosine degradation I"
"UBISYN-PWY","ALDEx2_Wilcoxon rank test","GERD","Health",0.859091347609938,"BH",0.902879520230978,"superpathway of ubiquinol-8 biosynthesis (prokaryotic)"
"UDPNAGSYN-PWY","ALDEx2_Wilcoxon rank test","GERD","Health",0.410745734297504,"BH",0.902879520230978,"UDP-N-acetyl-D-glucosamine biosynthesis I"
"VALSYN-PWY","ALDEx2_Wilcoxon rank test","GERD","Health",0.279784258933286,"BH",0.902879520230978,"L-valine biosynthesis"
